year,month,custmer_name,revenue
2017,December,"Electricalsara Stores",510721.4
2017,December,Electricalslytical,480116.3
2017,December,Nixon,137135.1
2017,December,"Surface Stores",60187.2
2017,December,Leader,55806.3
2017,December,"Forward Stores",43087.5
2017,December,"Excel Stores",41607.2
2017,December,"Epic Stores",36113
2017,December,Power,31720.2
2017,December,"Info Stores",26159.4
2017,December,Synthetic,24242.5
2017,December,Sound,16506.7
2017,December,"Unity Stores",16167.9
2017,December,"Premium Stores",15028
2017,December,Modular,13405.6
2017,December,"Integration Stores",12423.9
2017,December,"Electricalsopedia Stores",9573.1
2017,December,Propel,6442
2017,December,"Logic Stores",5035.2
2017,December,Insight,4196.1
2017,December,Zone,3228.1
2017,December,Elite,2816.6
2017,December,Relief,2732.2
2017,December,Sage,2723.3
2017,December,Novus,2538
2017,December,"Flawless Stores",2361.4
2017,December,Control,1065.4
2017,December,"Electricalsquipo Stores",757.2
2017,December,"Electricalslance Stores",580.2
2017,December,Expression,198.6
2017,December,"Electricalsbea Stores",-807.5
2017,December,"Nomad Stores",-6546.2
2017,December,"Atlas Stores",-6767.9
2017,December,Electricalsocity,-7616.1
2017,December,All-Out,-11511.1
2017,December,Path,-22131.3
2017,December,"Surge Stores",-36717.8
2017,December,"Acclaimed Stores",-56816.3
2017,November,"Premium Stores",1211423.9
2017,November,"Electricalsara Stores",420105.5
2017,November,"Acclaimed Stores",121330.4
2017,November,Electricalslytical,65390
2017,November,Sage,61538.9
2017,November,"Surge Stores",58251.6
2017,November,Control,53870.9
2017,November,"Nomad Stores",44739
2017,November,"Surface Stores",44720.9
2017,November,"Integration Stores",34090.6
2017,November,Sound,26652.4
2017,November,Insight,13943.8
2017,November,Relief,13854.1
2017,November,Power,12788.9
2017,November,Propel,9821.9
2017,November,"Electricalsquipo Stores",8910.3
2017,November,Electricalsocity,6680.3
2017,November,Modular,4189.5
2017,November,Path,3252.4
2017,November,"Electricalslance Stores",121.4
2017,November,Zone,11
2017,November,"Electricalsbea Stores",-389.9
2017,November,"Electricalsopedia Stores",-1056.7
2017,November,Expression,-2010.6
2017,November,"Epic Stores",-2854.1
2017,November,"Logic Stores",-4376.6
2017,November,"Flawless Stores",-4959.1
2017,November,"Unity Stores",-8816.4
2017,November,Novus,-9727.4
2017,November,"Atlas Stores",-10218.6
2017,November,Elite,-21507.3
2017,November,Synthetic,-22462.3
2017,November,All-Out,-23664.1
2017,November,"Forward Stores",-25333.3
2017,November,Nixon,-55765
2017,November,"Excel Stores",-59656.4
2017,November,"Info Stores",-74222.7
2017,October,Nixon,306541.2
2017,October,Leader,128707
2017,October,"Electricalsara Stores",94460.3
2017,October,"Acclaimed Stores",45529.7
2017,October,"Info Stores",43601.7
2017,October,"Excel Stores",42761.2
2017,October,Electricalsocity,30721.8
2017,October,"Forward Stores",24625.6
2017,October,"Flawless Stores",23068
2017,October,Electricalslytical,21325.2
2017,October,Elite,20454
2017,October,"Surge Stores",13457.2
2017,October,"Nomad Stores",12315.4
2017,October,"Electricalsquipo Stores",7433
2017,October,Power,6141.4
2017,October,"Electricalsopedia Stores",5007.2
2017,October,Relief,4955.6
2017,October,"Epic Stores",3992
2017,October,Novus,3757.5
2017,October,Modular,3711
2017,October,"Electricalslance Stores",1087.1
2017,October,Expression,411.1
2017,October,Sage,207.9
2017,October,Insight,101.8
2017,October,Control,-1327.8
2017,October,Propel,-2223.9
2017,October,Sound,-4215.1
2017,October,"Surface Stores",-6268.5
2017,October,"Logic Stores",-7619.6
2017,October,Path,-8163.5
2017,October,All-Out,-8175.8
2017,October,"Unity Stores",-10047.2
2017,October,"Premium Stores",-12976.4
2017,October,"Integration Stores",-19250.8
2017,October,Zone,-21465.6
2017,October,Synthetic,-29265.5
2017,October,"Atlas Stores",-30110.5
2018,April,"Excel Stores",153654.9
2018,April,"Epic Stores",76091.3
2018,April,"Atlas Stores",68863.3
2018,April,"Flawless Stores",59604.3
2018,April,"Integration Stores",47113.7
2018,April,"Forward Stores",36387.5
2018,April,"Electricalsara Stores",35456.6
2018,April,Electricalsocity,32507.5
2018,April,"Premium Stores",29191.7
2018,April,Control,22339.9
2018,April,Nixon,18734.6
2018,April,Novus,17815.6
2018,April,Relief,12153.8
2018,April,All-Out,6676.5
2018,April,"Electricalsquipo Stores",6672.9
2018,April,Modular,4770.9
2018,April,"Electricalsopedia Stores",4748.4
2018,April,"Surface Stores",4435.2
2018,April,"Unity Stores",4124
2018,April,Propel,3654.7
2018,April,Power,1568.1
2018,April,Sage,1215.9
2018,April,Sound,695.8
2018,April,Expression,579.8
2018,April,Zone,6.4
2018,April,"Logic Stores",-238.2
2018,April,"Electricalsbea Stores",-553.9
2018,April,"Surge Stores",-1642.7
2018,April,"Electricalslance Stores",-3068.6
2018,April,Elite,-11559.8
2018,April,"Info Stores",-12273.2
2018,April,Synthetic,-12810
2018,April,"Acclaimed Stores",-17336.2
2018,April,"Nomad Stores",-20746.6
2018,April,Insight,-21544.6
2018,April,Path,-25854.5
2018,April,Electricalslytical,-34394.7
2018,April,Leader,-183123.7
2018,August,"Electricalsara Stores",391555.6
2018,August,Nixon,123198.8
2018,August,Path,62927.4
2018,August,"Info Stores",62890.3
2018,August,"Acclaimed Stores",56764.8
2018,August,"Surface Stores",48970.3
2018,August,Control,46384.5
2018,August,"Premium Stores",41623.8
2018,August,"Epic Stores",37330.6
2018,August,"Atlas Stores",28344.6
2018,August,Power,22143.6
2018,August,"Nomad Stores",16985.6
2018,August,"Integration Stores",15276.7
2018,August,Elite,14198.2
2018,August,Synthetic,11057.5
2018,August,Propel,5393.5
2018,August,"Electricalsquipo Stores",4970.7
2018,August,Electricalsocity,3333.7
2018,August,"Excel Stores",3255.4
2018,August,Novus,2852
2018,August,Insight,1626.6
2018,August,"Electricalslance Stores",198.2
2018,August,"Logic Stores",2.3
2018,August,Expression,-330.1
2018,August,"Electricalsbea Stores",-407.6
2018,August,Sage,-2057.8
2018,August,Relief,-3610.6
2018,August,"Electricalsopedia Stores",-3792.6
2018,August,All-Out,-7408.1
2018,August,Sound,-8567.5
2018,August,Zone,-9125.4
2018,August,Electricalslytical,-9876.9
2018,August,Modular,-19210.6
2018,August,"Flawless Stores",-29594.8
2018,August,"Surge Stores",-33486.4
2018,August,"Unity Stores",-35304.8
2018,August,"Forward Stores",-52770.7
2018,August,Leader,-71466.7
2018,December,"Electricalsara Stores",553022.8
2018,December,Electricalslytical,140197.5
2018,December,Electricalsocity,77151.2
2018,December,"Surge Stores",58156.2
2018,December,"Info Stores",44646.3
2018,December,"Acclaimed Stores",37857.9
2018,December,"Forward Stores",34006.5
2018,December,"Flawless Stores",32891.4
2018,December,"Nomad Stores",24193.4
2018,December,Synthetic,21563.8
2018,December,"Excel Stores",15795.6
2018,December,All-Out,14930
2018,December,"Epic Stores",10625.6
2018,December,"Integration Stores",8829.1
2018,December,Propel,6526.2
2018,December,"Electricalsopedia Stores",4656.4
2018,December,"Logic Stores",4398.7
2018,December,"Electricalsquipo Stores",4220.5
2018,December,Relief,3007.3
2018,December,"Electricalslance Stores",2254.6
2018,December,Elite,816.7
2018,December,"Electricalsbea Stores",733.3
2018,December,Leader,161
2018,December,Sage,-232.1
2018,December,Expression,-820.4
2018,December,"Premium Stores",-1203.6
2018,December,Novus,-2436.4
2018,December,Sound,-3375
2018,December,Modular,-9743.6
2018,December,"Atlas Stores",-11958.6
2018,December,Power,-13267.9
2018,December,"Surface Stores",-13574.4
2018,December,Insight,-14238.3
2018,December,Zone,-14770
2018,December,"Unity Stores",-18440.4
2018,December,Control,-21684.8
2018,December,Path,-29717.6
2018,December,Nixon,-98073
2018,February,Leader,481775
2018,February,"Electricalsara Stores",343028.7
2018,February,Nixon,258944
2018,February,"Acclaimed Stores",112794.2
2018,February,"Premium Stores",84701.1
2018,February,"Surge Stores",80610.1
2018,February,Control,50340.3
2018,February,Electricalsocity,47098.1
2018,February,Electricalslytical,41395.6
2018,February,Sound,31404
2018,February,"Electricalsopedia Stores",29038.3
2018,February,"Logic Stores",23509.5
2018,February,"Integration Stores",22190.9
2018,February,Modular,20508.4
2018,February,"Epic Stores",16034.6
2018,February,"Atlas Stores",13655.2
2018,February,Zone,12374.3
2018,February,Power,11733.6
2018,February,"Surface Stores",10431.1
2018,February,Relief,9310.6
2018,February,Propel,6817.5
2018,February,All-Out,6534.7
2018,February,Synthetic,4993.6
2018,February,"Electricalsquipo Stores",2897.5
2018,February,Novus,2352.6
2018,February,"Excel Stores",2122.5
2018,February,Expression,230.1
2018,February,"Electricalslance Stores",164.7
2018,February,"Electricalsbea Stores",-1509.8
2018,February,"Unity Stores",-3706.4
2018,February,Elite,-5553.2
2018,February,"Nomad Stores",-7017.6
2018,February,"Flawless Stores",-7487.3
2018,February,Path,-10564.8
2018,February,Insight,-10786.9
2018,February,Sage,-20273.8
2018,February,"Forward Stores",-54550.1
2018,February,"Info Stores",-79139.5
2018,January,"Electricalsara Stores",315136.8
2018,January,Leader,149495.6
2018,January,Electricalsocity,106578.1
2018,January,Electricalslytical,95330.7
2018,January,"Flawless Stores",50997.8
2018,January,"Premium Stores",49606.8
2018,January,"Nomad Stores",38077.1
2018,January,"Surface Stores",31377.2
2018,January,Control,28505.8
2018,January,"Epic Stores",27509.7
2018,January,Elite,26393
2018,January,Power,21109.6
2018,January,"Logic Stores",20036
2018,January,"Integration Stores",19174.8
2018,January,"Forward Stores",12985
2018,January,"Info Stores",10373.9
2018,January,Relief,6902.7
2018,January,Path,6746.4
2018,January,All-Out,4471.4
2018,January,Modular,3232.9
2018,January,Propel,2855.2
2018,January,"Electricalsquipo Stores",2199
2018,January,"Electricalsopedia Stores",1671.7
2018,January,"Electricalsbea Stores",-162
2018,January,Expression,-262.2
2018,January,"Electricalslance Stores",-654.1
2018,January,"Atlas Stores",-1547.6
2018,January,Novus,-2310.1
2018,January,Insight,-5153
2018,January,Synthetic,-5476.2
2018,January,"Unity Stores",-6466.9
2018,January,"Excel Stores",-11446
2018,January,Zone,-15131.1
2018,January,Sound,-16116.7
2018,January,Sage,-27461.5
2018,January,Nixon,-103020.4
2018,January,"Surge Stores",-139327.2
2018,January,"Acclaimed Stores",-181600.4
2018,July,"Electricalsara Stores",470441.2
2018,July,"Premium Stores",126163.1
2018,July,Electricalslytical,77391.1
2018,July,Nixon,71697.5
2018,July,"Info Stores",46379.1
2018,July,"Surface Stores",45509.9
2018,July,Control,37107.9
2018,July,"Unity Stores",35116.7
2018,July,"Epic Stores",26955.7
2018,July,"Atlas Stores",19823.3
2018,July,"Acclaimed Stores",17595.7
2018,July,Electricalsocity,17580.1
2018,July,"Forward Stores",11854.8
2018,July,"Integration Stores",10867.7
2018,July,"Surge Stores",10743.2
2018,July,All-Out,7797
2018,July,Insight,7507.3
2018,July,Sage,5654
2018,July,"Electricalsopedia Stores",5498.5
2018,July,Novus,5449.2
2018,July,Elite,3106.7
2018,July,Propel,2359.3
2018,July,"Electricalslance Stores",1968.7
2018,July,"Flawless Stores",1821.2
2018,July,Synthetic,1735.1
2018,July,Zone,1042.3
2018,July,"Electricalsquipo Stores",913.5
2018,July,Expression,836.6
2018,July,"Logic Stores",112.1
2018,July,Relief,99.1
2018,July,"Nomad Stores",-304.8
2018,July,"Electricalsbea Stores",-3005.2
2018,July,Sound,-3184.9
2018,July,Path,-6501.2
2018,July,Power,-12756.9
2018,July,Modular,-19072.3
2018,July,"Excel Stores",-45488.7
2018,July,Leader,-56258.1
2018,June,Control,96894.6
2018,June,Leader,65720.3
2018,June,Modular,52649.8
2018,June,"Flawless Stores",50972.5
2018,June,"Atlas Stores",47741.4
2018,June,"Premium Stores",42924.7
2018,June,"Integration Stores",40455.4
2018,June,Sound,38137.8
2018,June,"Surface Stores",37184.6
2018,June,"Nomad Stores",31289.8
2018,June,"Electricalsopedia Stores",21459
2018,June,"Surge Stores",20820.1
2018,June,Nixon,17187.2
2018,June,Zone,16791.3
2018,June,Path,15850.7
2018,June,Elite,11905
2018,June,"Epic Stores",11460.8
2018,June,Power,9830.5
2018,June,Electricalsocity,9129.4
2018,June,Novus,6155.6
2018,June,"Electricalsquipo Stores",4243.5
2018,June,Sage,4106.1
2018,June,Propel,2753.1
2018,June,"Logic Stores",2673.9
2018,June,"Electricalslance Stores",2021.2
2018,June,Expression,1529.8
2018,June,All-Out,982.8
2018,June,Electricalslytical,639.3
2018,June,"Electricalsbea Stores",-107.4
2018,June,Insight,-2649.7
2018,June,Relief,-3483.8
2018,June,Synthetic,-7719.9
2018,June,"Forward Stores",-14298.3
2018,June,"Acclaimed Stores",-16673.2
2018,June,"Unity Stores",-29583
2018,June,"Excel Stores",-57960.7
2018,June,"Info Stores",-116271.7
2018,June,"Electricalsara Stores",-220544.3
2018,March,Nixon,366090.7
2018,March,"Electricalsara Stores",316497.7
2018,March,"Excel Stores",207403.9
2018,March,Electricalslytical,161447.6
2018,March,"Premium Stores",82282.8
2018,March,"Acclaimed Stores",58682.3
2018,March,"Epic Stores",42679.8
2018,March,Synthetic,33594.8
2018,March,Elite,25514.1
2018,March,All-Out,23109.9
2018,March,"Atlas Stores",20351
2018,March,"Electricalsquipo Stores",19641.2
2018,March,Propel,16459.7
2018,March,"Electricalsopedia Stores",14030.3
2018,March,"Unity Stores",12630.1
2018,March,"Forward Stores",11414.4
2018,March,Power,6731.7
2018,March,"Electricalslance Stores",6155
2018,March,"Logic Stores",5493.8
2018,March,"Nomad Stores",3832.2
2018,March,Leader,2997.1
2018,March,Expression,1782.8
2018,March,Sage,611.6
2018,March,"Electricalsbea Stores",311.6
2018,March,"Flawless Stores",-1654.5
2018,March,Novus,-1762.6
2018,March,Sound,-3300.9
2018,March,Electricalsocity,-3630.6
2018,March,Zone,-5734.8
2018,March,Relief,-9735
2018,March,"Surge Stores",-13841.1
2018,March,"Surface Stores",-15728.6
2018,March,Insight,-22192.9
2018,March,Path,-25405.6
2018,March,"Integration Stores",-39497.8
2018,March,Modular,-40951.9
2018,March,"Info Stores",-50012.6
2018,March,Control,-114405.8
2018,May,"Electricalsara Stores",90187.2
2018,May,Nixon,73851
2018,May,"Premium Stores",71061.1
2018,May,Electricalsocity,60286.3
2018,May,"Surge Stores",54407.7
2018,May,"Acclaimed Stores",50802
2018,May,"Info Stores",37277.7
2018,May,"Forward Stores",26894
2018,May,"Surface Stores",26611.3
2018,May,"Flawless Stores",24122.4
2018,May,Modular,14372.6
2018,May,Zone,14241.9
2018,May,"Nomad Stores",13229.2
2018,May,"Electricalsopedia Stores",12590.3
2018,May,"Unity Stores",9445.8
2018,May,"Electricalsbea Stores",7941.7
2018,May,Propel,4712.6
2018,May,Synthetic,4281.4
2018,May,Elite,4067.6
2018,May,Relief,3122.6
2018,May,Sound,3120.3
2018,May,Expression,2065.8
2018,May,All-Out,1555.7
2018,May,Novus,1467.2
2018,May,"Logic Stores",248
2018,May,Sage,-328.4
2018,May,Insight,-587.1
2018,May,"Electricalslance Stores",-643.1
2018,May,"Atlas Stores",-1279.2
2018,May,"Electricalsquipo Stores",-3016.3
2018,May,"Integration Stores",-4152.1
2018,May,Electricalslytical,-6352.3
2018,May,Leader,-9600
2018,May,Path,-15543.2
2018,May,"Epic Stores",-17340.5
2018,May,Power,-23759.3
2018,May,Control,-33316.7
2018,May,"Excel Stores",-72781.8
2018,November,"Electricalsara Stores",827735.2
2018,November,Nixon,202524.7
2018,November,"Forward Stores",96327.4
2018,November,Electricalsocity,67659.5
2018,November,Electricalslytical,52815.6
2018,November,Leader,51571.2
2018,November,Power,47329.5
2018,November,"Info Stores",42186.4
2018,November,Path,34393.9
2018,November,"Logic Stores",28859.5
2018,November,Sound,28465.8
2018,November,"Surge Stores",26000.4
2018,November,Synthetic,25230.9
2018,November,"Premium Stores",23257.7
2018,November,"Unity Stores",14769
2018,November,Modular,12533.9
2018,November,Insight,11256.1
2018,November,"Surface Stores",10628.6
2018,November,Sage,9593.2
2018,November,Relief,8128.4
2018,November,Novus,5835.8
2018,November,Zone,4790.6
2018,November,"Integration Stores",2179.4
2018,November,Expression,-39.6
2018,November,"Electricalsbea Stores",-142.7
2018,November,"Electricalslance Stores",-335
2018,November,All-Out,-442.8
2018,November,Propel,-1789.8
2018,November,"Electricalsquipo Stores",-1802.6
2018,November,"Nomad Stores",-4859.5
2018,November,"Acclaimed Stores",-6013.2
2018,November,"Electricalsopedia Stores",-10748.4
2018,November,"Atlas Stores",-12181.6
2018,November,Control,-13280.7
2018,November,Elite,-18795.6
2018,November,"Flawless Stores",-18806.9
2018,November,"Epic Stores",-21534.4
2018,November,"Excel Stores",-63275.1
2018,October,"Acclaimed Stores",71110.5
2018,October,Modular,69365
2018,October,"Premium Stores",44596.6
2018,October,Electricalslytical,37887.3
2018,October,"Info Stores",37829.6
2018,October,Nixon,37017.1
2018,October,Path,34629.4
2018,October,"Electricalsquipo Stores",32459.5
2018,October,"Nomad Stores",25501.6
2018,October,"Logic Stores",23684.6
2018,October,"Atlas Stores",23604.5
2018,October,"Flawless Stores",21577.3
2018,October,"Electricalsopedia Stores",18761.2
2018,October,Relief,18423.7
2018,October,Zone,16811.4
2018,October,Control,16586.7
2018,October,"Surface Stores",16009.9
2018,October,"Excel Stores",15098.6
2018,October,"Surge Stores",11349.2
2018,October,Elite,11337.2
2018,October,Propel,9977.3
2018,October,Electricalsocity,6726.4
2018,October,Sage,6672.8
2018,October,All-Out,5824.6
2018,October,Novus,5076.4
2018,October,"Forward Stores",3580.7
2018,October,"Electricalsara Stores",1741.7
2018,October,Power,1520.5
2018,October,"Electricalslance Stores",1310.4
2018,October,Expression,963
2018,October,Leader,33
2018,October,"Electricalsbea Stores",-387
2018,October,Sound,-776.3
2018,October,"Epic Stores",-5673.6
2018,October,Insight,-5891.2
2018,October,"Integration Stores",-15124.5
2018,October,Synthetic,-23799.8
2018,October,"Unity Stores",-36817.7
2018,September,Electricalslytical,168676.3
2018,September,"Electricalsara Stores",155025.1
2018,September,Control,132674
2018,September,Electricalsocity,131610.6
2018,September,"Forward Stores",75290.9
2018,September,"Surge Stores",64572
2018,September,"Premium Stores",51530.1
2018,September,"Epic Stores",45101.9
2018,September,"Nomad Stores",31717.8
2018,September,"Integration Stores",29432.6
2018,September,"Info Stores",24889.9
2018,September,"Acclaimed Stores",14823.3
2018,September,"Logic Stores",14747.8
2018,September,Power,13501.3
2018,September,Zone,13449.5
2018,September,Propel,11166.3
2018,September,"Unity Stores",9415.1
2018,September,Relief,9079.2
2018,September,Insight,8783.3
2018,September,Modular,8204.9
2018,September,All-Out,6850.2
2018,September,"Electricalsopedia Stores",5828
2018,September,Path,5733.7
2018,September,Elite,5054.6
2018,September,Novus,3188.2
2018,September,"Surface Stores",2198.2
2018,September,"Electricalsquipo Stores",1982
2018,September,"Electricalslance Stores",1789
2018,September,Expression,21.9
2018,September,"Electricalsbea Stores",-101.9
2018,September,"Flawless Stores",-167.9
2018,September,Sound,-2506
2018,September,Synthetic,-3666.4
2018,September,Sage,-11346.7
2018,September,"Atlas Stores",-15488.9
2018,September,"Excel Stores",-19263.9
2018,September,Nixon,-22405.8
2018,September,Leader,-172975.6
2019,April,"Electricalsara Stores",293957.7
2019,April,"Info Stores",71690.2
2019,April,"Surge Stores",44560.1
2019,April,Synthetic,35298
2019,April,Control,35074.7
2019,April,Electricalslytical,32232.1
2019,April,"Surface Stores",31772.2
2019,April,"Nomad Stores",30984.2
2019,April,"Integration Stores",28696.9
2019,April,"Forward Stores",26071.3
2019,April,"Unity Stores",25261.6
2019,April,Insight,22311.4
2019,April,"Flawless Stores",20409.1
2019,April,Elite,15364.8
2019,April,Sage,14302.7
2019,April,Power,13725.4
2019,April,"Electricalsopedia Stores",12768.7
2019,April,"Premium Stores",12295.6
2019,April,Modular,10240.7
2019,April,"Epic Stores",9935.2
2019,April,"Atlas Stores",8205
2019,April,Novus,8060.8
2019,April,Electricalsocity,7552.5
2019,April,Relief,5305.6
2019,April,All-Out,4323.1
2019,April,Nixon,2464.1
2019,April,Sound,1596.5
2019,April,"Logic Stores",1231
2019,April,"Electricalsquipo Stores",1172.1
2019,April,"Electricalslance Stores",739.9
2019,April,Propel,274.5
2019,April,"Excel Stores",-2380.6
2019,April,Zone,-6329.7
2019,April,"Electricalsbea Stores",-6624.4
2019,April,Path,-20410.1
2019,April,Leader,-33254.7
2019,April,"Acclaimed Stores",-77484.6
2019,August,"Electricalsara Stores",169243.4
2019,August,"Info Stores",115243.9
2019,August,"Acclaimed Stores",84904.5
2019,August,"Excel Stores",80787.2
2019,August,Leader,58744
2019,August,"Surface Stores",36956.2
2019,August,"Nomad Stores",32649.5
2019,August,"Unity Stores",31586.8
2019,August,Control,30534.2
2019,August,Electricalsocity,27454.5
2019,August,"Surge Stores",25539.5
2019,August,"Premium Stores",24336.9
2019,August,Nixon,24199.6
2019,August,"Atlas Stores",19979
2019,August,Path,16606
2019,August,Novus,10030.1
2019,August,"Flawless Stores",8997.1
2019,August,Propel,7774.4
2019,August,"Electricalsopedia Stores",7003.4
2019,August,Relief,2068.6
2019,August,All-Out,2059.1
2019,August,Sound,1680.6
2019,August,Insight,1039.8
2019,August,Expression,234.4
2019,August,Power,115.5
2019,August,"Electricalsbea Stores",99
2019,August,"Electricalsquipo Stores",-801.1
2019,August,Sage,-1114.4
2019,August,"Forward Stores",-4114.7
2019,August,"Logic Stores",-6930
2019,August,Elite,-7087.8
2019,August,Synthetic,-14588.5
2019,August,"Integration Stores",-17364.9
2019,August,Modular,-18942.1
2019,August,"Epic Stores",-19841.8
2019,August,Electricalslytical,-20847.3
2019,August,Zone,-26853.7
2019,August,"Electricalslance Stores",-59039.7
2019,December,"Electricalsara Stores",124738.1
2019,December,"Surge Stores",51314.6
2019,December,Nixon,42307.5
2019,December,"Nomad Stores",32968.2
2019,December,Control,31592.3
2019,December,"Premium Stores",29399
2019,December,"Forward Stores",26848.6
2019,December,Zone,23888.6
2019,December,Path,22612.1
2019,December,Electricalslytical,16875.9
2019,December,Insight,16611.2
2019,December,"Unity Stores",15597.1
2019,December,Elite,14930.7
2019,December,"Acclaimed Stores",12920.3
2019,December,All-Out,12709.6
2019,December,Electricalsocity,12554.4
2019,December,"Epic Stores",8789.4
2019,December,Novus,4307.1
2019,December,Power,4157.2
2019,December,"Electricalsopedia Stores",3804.8
2019,December,Modular,3449.1
2019,December,Propel,1993.8
2019,December,Expression,775.3
2019,December,Sage,419
2019,December,Leader,82.5
2019,December,"Integration Stores",-11.5
2019,December,"Electricalsquipo Stores",-1188.4
2019,December,"Electricalsbea Stores",-1347.6
2019,December,Relief,-1480.4
2019,December,"Electricalslance Stores",-1917.5
2019,December,"Flawless Stores",-1965
2019,December,"Info Stores",-2913
2019,December,Sound,-4947.1
2019,December,"Surface Stores",-5734.5
2019,December,"Atlas Stores",-10406.6
2019,December,Synthetic,-10720.9
2019,December,"Logic Stores",-35752.1
2019,December,"Excel Stores",-42668.2
2019,February,Leader,274212.9
2019,February,"Electricalsara Stores",163957.6
2019,February,"Premium Stores",115264.1
2019,February,Nixon,91393.9
2019,February,"Atlas Stores",56543.6
2019,February,Control,43716.8
2019,February,"Logic Stores",40587.5
2019,February,Elite,40141
2019,February,"Unity Stores",37431.2
2019,February,"Excel Stores",32110.9
2019,February,"Electricalsopedia Stores",21889
2019,February,All-Out,14644.7
2019,February,"Integration Stores",13935.3
2019,February,Zone,9820.6
2019,February,Synthetic,6267.5
2019,February,Expression,6107.8
2019,February,Propel,6078.6
2019,February,"Forward Stores",5446.5
2019,February,Path,4333.5
2019,February,Modular,3889.1
2019,February,Power,2916
2019,February,"Electricalslance Stores",2091.7
2019,February,Relief,1206.5
2019,February,Insight,956.3
2019,February,"Surface Stores",414.2
2019,February,"Electricalsbea Stores",107.2
2019,February,"Electricalsquipo Stores",-950.5
2019,February,Sound,-2131
2019,February,"Nomad Stores",-2649.4
2019,February,Novus,-4439.5
2019,February,Sage,-5342.6
2019,February,"Info Stores",-8459
2019,February,"Flawless Stores",-12892.1
2019,February,"Epic Stores",-16316.6
2019,February,Electricalsocity,-20117.4
2019,February,Electricalslytical,-27452.9
2019,February,"Acclaimed Stores",-33811
2019,February,"Surge Stores",-45633.1
2019,January,"Electricalsara Stores",1025358
2019,January,Leader,96054.7
2019,January,Electricalslytical,87932.4
2019,January,Control,73552.9
2019,January,"Surge Stores",61700.2
2019,January,"Logic Stores",61215.4
2019,January,Path,60826.2
2019,January,"Nomad Stores",37797
2019,January,Relief,24332
2019,January,"Premium Stores",21954.3
2019,January,"Flawless Stores",19040.1
2019,January,"Surface Stores",16543.2
2019,January,Synthetic,16256.3
2019,January,"Info Stores",13416.3
2019,January,Insight,12747.8
2019,January,"Epic Stores",12607.6
2019,January,Modular,8182.8
2019,January,Elite,6660.4
2019,January,"Forward Stores",5784.1
2019,January,Propel,5565.7
2019,January,All-Out,4758.3
2019,January,Expression,3886.9
2019,January,"Atlas Stores",3598.4
2019,January,"Electricalsquipo Stores",2960.6
2019,January,"Electricalslance Stores",1547.9
2019,January,"Electricalsopedia Stores",1451.3
2019,January,Power,403.2
2019,January,"Electricalsbea Stores",139.5
2019,January,Novus,-322.3
2019,January,"Unity Stores",-443.5
2019,January,Sage,-1549.8
2019,January,Zone,-3325.8
2019,January,Nixon,-5044.3
2019,January,Sound,-9467
2019,January,"Integration Stores",-24262.6
2019,January,"Acclaimed Stores",-25846.2
2019,January,Electricalsocity,-29375.2
2019,January,"Excel Stores",-31600.1
2019,July,"Electricalsara Stores",319934.4
2019,July,Leader,166778.6
2019,July,"Excel Stores",128032.9
2019,July,"Unity Stores",104816.6
2019,July,Modular,81766.3
2019,July,"Logic Stores",76576.3
2019,July,Power,75290.5
2019,July,Nixon,67894.2
2019,July,"Surge Stores",45859.2
2019,July,Control,35838.5
2019,July,Insight,29206.2
2019,July,"Premium Stores",25139.9
2019,July,All-Out,24212.8
2019,July,"Atlas Stores",15342.8
2019,July,"Forward Stores",12338.5
2019,July,Synthetic,10501.4
2019,July,"Electricalsopedia Stores",10350.9
2019,July,"Integration Stores",9823.5
2019,July,Sound,9250.2
2019,July,"Acclaimed Stores",9066.1
2019,July,"Nomad Stores",7859.3
2019,July,"Surface Stores",6874.6
2019,July,Sage,6656.2
2019,July,Relief,5656.5
2019,July,"Epic Stores",3514.2
2019,July,Novus,2999.7
2019,July,Propel,1513.8
2019,July,Elite,900.3
2019,July,Expression,604
2019,July,"Electricalsquipo Stores",590.3
2019,July,"Electricalsbea Stores",180.5
2019,July,"Electricalslance Stores",14.5
2019,July,Path,-4323.5
2019,July,"Flawless Stores",-18233.5
2019,July,"Info Stores",-19303.4
2019,July,Zone,-32910
2019,July,Electricalslytical,-38992.9
2019,July,Electricalsocity,-58405.5
2019,June,"Electricalsara Stores",333833.1
2019,June,Nixon,90823.8
2019,June,Electricalslytical,58387.9
2019,June,"Info Stores",55000.8
2019,June,"Premium Stores",37871
2019,June,"Surface Stores",35958.1
2019,June,Control,32755.8
2019,June,"Epic Stores",26377.2
2019,June,Zone,22971.4
2019,June,Electricalsocity,21377.8
2019,June,"Integration Stores",20605
2019,June,Modular,16696.1
2019,June,"Unity Stores",15451.9
2019,June,Relief,14542.7
2019,June,Elite,13886.4
2019,June,"Forward Stores",12134.2
2019,June,"Electricalsopedia Stores",11162
2019,June,Sound,9713.1
2019,June,All-Out,9393.5
2019,June,Synthetic,7212.9
2019,June,"Electricalsquipo Stores",4487.7
2019,June,Path,4118.5
2019,June,Leader,3730.2
2019,June,"Flawless Stores",2670.6
2019,June,Sage,836.1
2019,June,"Electricalsbea Stores",723.8
2019,June,"Logic Stores",711
2019,June,Power,701.7
2019,June,Expression,553.3
2019,June,"Electricalslance Stores",408.4
2019,June,Insight,333
2019,June,Novus,-1246.9
2019,June,Propel,-6871.9
2019,June,"Nomad Stores",-9181.9
2019,June,"Acclaimed Stores",-10800.7
2019,June,"Atlas Stores",-11727
2019,June,"Surge Stores",-26438.4
2019,June,"Excel Stores",-157076.9
2019,March,"Electricalsara Stores",793628.6
2019,March,Electricalslytical,91464.6
2019,March,"Epic Stores",88853.9
2019,March,"Premium Stores",67362.4
2019,March,Electricalsocity,53837.2
2019,March,"Electricalsopedia Stores",53465.9
2019,March,Nixon,53339
2019,March,"Logic Stores",47125
2019,March,Sound,45129.3
2019,March,"Surge Stores",30156.3
2019,March,"Nomad Stores",29018
2019,March,All-Out,19800.5
2019,March,"Surface Stores",16758.6
2019,March,Elite,16464
2019,March,Control,15053.9
2019,March,"Integration Stores",13368.4
2019,March,Leader,12828.6
2019,March,"Forward Stores",8840.1
2019,March,Zone,8677.9
2019,March,Novus,4559.4
2019,March,Synthetic,3677.5
2019,March,Power,2290.1
2019,March,"Electricalslance Stores",95.8
2019,March,"Electricalsbea Stores",-104.8
2019,March,Modular,-199.6
2019,March,"Electricalsquipo Stores",-595.5
2019,March,Propel,-854.6
2019,March,Relief,-6352.6
2019,March,"Flawless Stores",-6889
2019,March,"Info Stores",-7029.6
2019,March,"Atlas Stores",-7075.2
2019,March,Sage,-8178.8
2019,March,Path,-11040.6
2019,March,"Unity Stores",-12434
2019,March,"Acclaimed Stores",-14608.1
2019,March,Insight,-14965.2
2019,March,"Excel Stores",-76314.3
2019,May,"Electricalsara Stores",486374.2
2019,May,Leader,127099.1
2019,May,Electricalslytical,93097.7
2019,May,Control,76351.6
2019,May,"Excel Stores",54879.2
2019,May,"Forward Stores",53680.3
2019,May,"Premium Stores",37952.8
2019,May,"Integration Stores",37231.9
2019,May,Electricalsocity,34920.2
2019,May,"Surge Stores",32026.6
2019,May,Modular,26999.1
2019,May,Power,18160
2019,May,"Info Stores",14721.3
2019,May,"Acclaimed Stores",11804.5
2019,May,All-Out,5866
2019,May,Relief,4753
2019,May,Sound,3740.3
2019,May,Path,3666.6
2019,May,"Nomad Stores",2755.7
2019,May,Propel,2541.6
2019,May,Zone,1780.9
2019,May,"Electricalsbea Stores",1101
2019,May,"Electricalslance Stores",1068.2
2019,May,Novus,541.7
2019,May,"Electricalsquipo Stores",398.5
2019,May,Sage,-501.4
2019,May,Expression,-2071
2019,May,"Flawless Stores",-3317.8
2019,May,"Surface Stores",-3460.3
2019,May,"Atlas Stores",-4676
2019,May,"Unity Stores",-4711.2
2019,May,Synthetic,-5525.4
2019,May,"Epic Stores",-10268
2019,May,Elite,-12850.4
2019,May,"Electricalsopedia Stores",-13518.7
2019,May,Insight,-19880.6
2019,May,"Logic Stores",-25764.3
2019,May,Nixon,-34353.2
2019,November,"Electricalsara Stores",582840
2019,November,"Excel Stores",91558.7
2019,November,Electricalslytical,57734.6
2019,November,Modular,46300.2
2019,November,"Nomad Stores",43985.1
2019,November,"Forward Stores",42252.8
2019,November,Control,41860.7
2019,November,"Flawless Stores",27777.1
2019,November,Insight,22197.5
2019,November,Electricalsocity,11008.6
2019,November,"Integration Stores",10547.7
2019,November,"Epic Stores",9977.4
2019,November,Propel,8384.9
2019,November,Nixon,5110.2
2019,November,"Surface Stores",4640.6
2019,November,"Electricalsopedia Stores",4364.9
2019,November,"Atlas Stores",3811.7
2019,November,Relief,2943.6
2019,November,Power,2638.7
2019,November,"Unity Stores",1380.8
2019,November,All-Out,198.4
2019,November,Expression,193.4
2019,November,Leader,74.2
2019,November,"Electricalslance Stores",16.5
2019,November,Sound,-42.8
2019,November,Elite,-243.5
2019,November,Path,-338
2019,November,"Electricalsbea Stores",-733.8
2019,November,Sage,-1080
2019,November,"Electricalsquipo Stores",-2146.4
2019,November,Zone,-2470.1
2019,November,Novus,-2799
2019,November,"Logic Stores",-4200.9
2019,November,Synthetic,-7536.3
2019,November,"Acclaimed Stores",-32780.6
2019,November,"Premium Stores",-40976.2
2019,November,"Info Stores",-45000.1
2019,November,"Surge Stores",-105824.3
2019,October,"Electricalsara Stores",329934
2019,October,"Logic Stores",201468.7
2019,October,Electricalslytical,83032.1
2019,October,"Excel Stores",62934.2
2019,October,"Premium Stores",49300
2019,October,Zone,48499.7
2019,October,"Electricalsopedia Stores",30864.3
2019,October,"Atlas Stores",29325
2019,October,"Nomad Stores",27858.6
2019,October,"Forward Stores",25167
2019,October,Synthetic,24992.2
2019,October,"Flawless Stores",23884.3
2019,October,"Surface Stores",21058.9
2019,October,Power,18770.6
2019,October,Path,18505.6
2019,October,Nixon,16541.7
2019,October,Electricalsocity,16502.4
2019,October,Insight,14996.3
2019,October,Relief,12121.3
2019,October,Modular,10973.7
2019,October,All-Out,8012.1
2019,October,"Epic Stores",7218.3
2019,October,Novus,5167.7
2019,October,Propel,5084.6
2019,October,"Integration Stores",3941.3
2019,October,Elite,3540.6
2019,October,Expression,120
2019,October,Leader,111
2019,October,"Electricalsquipo Stores",-47.6
2019,October,"Electricalslance Stores",-276.1
2019,October,"Electricalsbea Stores",-656.3
2019,October,Sage,-1733.3
2019,October,Sound,-4789.2
2019,October,"Surge Stores",-5812.1
2019,October,Control,-11062.4
2019,October,"Unity Stores",-16922.6
2019,October,"Acclaimed Stores",-42401.8
2019,October,"Info Stores",-121528
2019,September,"Electricalsara Stores",133951.5
2019,September,"Excel Stores",129509.1
2019,September,"Surge Stores",129072.5
2019,September,Path,80270.2
2019,September,Control,67051.2
2019,September,"Epic Stores",62486.9
2019,September,"Info Stores",43235.1
2019,September,Modular,40511.5
2019,September,Sound,36960.8
2019,September,Relief,28541.2
2019,September,"Atlas Stores",16807
2019,September,"Flawless Stores",12191.8
2019,September,"Unity Stores",12176.7
2019,September,"Electricalsopedia Stores",10119
2019,September,Synthetic,9165.2
2019,September,Propel,7568.8
2019,September,"Forward Stores",5842.9
2019,September,"Acclaimed Stores",5299.1
2019,September,Novus,3972.1
2019,September,Expression,2974.3
2019,September,Power,2153.7
2019,September,Nixon,1562.8
2019,September,"Logic Stores",1389.6
2019,September,"Electricalsquipo Stores",1250.1
2019,September,"Premium Stores",510.8
2019,September,"Electricalsbea Stores",490
2019,September,"Electricalslance Stores",-237.6
2019,September,Sage,-2216.6
2019,September,Leader,-3079.3
2019,September,Insight,-4339.8
2019,September,Zone,-4350.4
2019,September,"Nomad Stores",-5421.2
2019,September,Electricalsocity,-6362.8
2019,September,"Integration Stores",-10003.2
2019,September,All-Out,-11134
2019,September,Elite,-13446.4
2019,September,"Surface Stores",-39759.9
2019,September,Electricalslytical,-64193.7
2020,April,"Info Stores",53940.2
2020,April,Electricalsocity,35266.2
2020,April,"Forward Stores",31995
2020,April,Leader,28586.6
2020,April,"Premium Stores",24958.1
2020,April,"Flawless Stores",24250.1
2020,April,"Unity Stores",22792.9
2020,April,"Nomad Stores",19758.2
2020,April,Nixon,18741.2
2020,April,Zone,17738.5
2020,April,"Surge Stores",17704.1
2020,April,"Integration Stores",17478.9
2020,April,Path,14417.1
2020,April,All-Out,11678.7
2020,April,Elite,9513.8
2020,April,"Atlas Stores",9294.1
2020,April,Sound,9282.3
2020,April,Modular,8305.2
2020,April,"Epic Stores",4642.2
2020,April,"Electricalsopedia Stores",4318.9
2020,April,Propel,2472.4
2020,April,"Excel Stores",2367.1
2020,April,Sage,1488
2020,April,"Electricalsbea Stores",1038.9
2020,April,"Electricalslance Stores",903.5
2020,April,"Electricalsquipo Stores",1.2
2020,April,Electricalslytical,-162.7
2020,April,Expression,-1603.9
2020,April,Novus,-3134.6
2020,April,"Surface Stores",-3682.7
2020,April,Control,-3970.7
2020,April,Relief,-4025.7
2020,April,Synthetic,-6609.9
2020,April,"Logic Stores",-7750.5
2020,April,Power,-20626.2
2020,April,"Acclaimed Stores",-21325.9
2020,April,Insight,-32676.9
2020,April,"Electricalsara Stores",-163965.8
2020,February,"Excel Stores",199937.8
2020,February,"Surge Stores",118727.2
2020,February,Leader,105063
2020,February,Electricalsocity,100025.2
2020,February,Path,39219.8
2020,February,"Premium Stores",34047.3
2020,February,Nixon,28333.7
2020,February,Electricalslytical,26778.6
2020,February,"Logic Stores",25195.6
2020,February,Insight,23169
2020,February,Power,15944.9
2020,February,"Flawless Stores",12947
2020,February,Control,11079.5
2020,February,Relief,8592.8
2020,February,Synthetic,6730.4
2020,February,Propel,6279.6
2020,February,Modular,5946.3
2020,February,"Acclaimed Stores",4620.5
2020,February,Novus,3486
2020,February,Sage,2946.1
2020,February,"Electricalslance Stores",2080.8
2020,February,All-Out,1636
2020,February,"Electricalsquipo Stores",943.5
2020,February,"Nomad Stores",725.7
2020,February,Expression,608.2
2020,February,"Electricalsbea Stores",443.2
2020,February,"Electricalsopedia Stores",430.4
2020,February,"Surface Stores",320.1
2020,February,"Unity Stores",-339.1
2020,February,"Info Stores",-4552.2
2020,February,"Integration Stores",-4597.6
2020,February,Sound,-7346.4
2020,February,"Forward Stores",-9000.6
2020,February,Elite,-10534.7
2020,February,"Atlas Stores",-13051.4
2020,February,Zone,-25598.2
2020,February,"Epic Stores",-129408.7
2020,February,"Electricalsara Stores",-302864.7
2020,January,"Electricalsara Stores",484072.7
2020,January,"Acclaimed Stores",85723.1
2020,January,"Unity Stores",51209.1
2020,January,"Surface Stores",38912.9
2020,January,"Surge Stores",28913.8
2020,January,"Info Stores",26333
2020,January,Nixon,23087.8
2020,January,Electricalsocity,18316.5
2020,January,"Forward Stores",17710
2020,January,"Atlas Stores",16266
2020,January,Control,13398.1
2020,January,"Logic Stores",12317.6
2020,January,Elite,12275.3
2020,January,"Nomad Stores",10766.2
2020,January,"Premium Stores",6765.4
2020,January,Electricalslytical,5005.8
2020,January,"Electricalsopedia Stores",4942.2
2020,January,"Flawless Stores",3859.7
2020,January,Synthetic,3606
2020,January,Relief,2962.7
2020,January,Power,2744.8
2020,January,Novus,2401.5
2020,January,"Electricalslance Stores",2165.8
2020,January,Expression,1136.9
2020,January,"Integration Stores",938.7
2020,January,Sage,101.7
2020,January,Leader,-68.2
2020,January,"Electricalsbea Stores",-99.5
2020,January,Zone,-292.1
2020,January,"Excel Stores",-452.2
2020,January,Propel,-2759.7
2020,January,All-Out,-3733.3
2020,January,Sound,-5548.9
2020,January,"Electricalsquipo Stores",-6148.6
2020,January,Path,-9083.6
2020,January,Modular,-9432.5
2020,January,Insight,-11292.6
2020,January,"Epic Stores",-23918
2020,June,"Electricalsara Stores",162877.7
2020,June,"Surge Stores",44835.5
2020,June,"Epic Stores",34532.5
2020,June,Elite,31769.7
2020,June,Control,24864.3
2020,June,"Acclaimed Stores",16501.3
2020,June,"Electricalsopedia Stores",16352.2
2020,June,"Atlas Stores",15574
2020,June,Power,13414
2020,June,Sound,10966.3
2020,June,"Logic Stores",10125.4
2020,June,"Nomad Stores",8182.1
2020,June,Nixon,6379.3
2020,June,Zone,6032.8
2020,June,"Info Stores",4550.1
2020,June,All-Out,3163.8
2020,June,Propel,3079.4
2020,June,"Forward Stores",2341.2
2020,June,Insight,1564.1
2020,June,"Flawless Stores",875.8
2020,June,"Surface Stores",642.4
2020,June,Expression,389.9
2020,June,Leader,188.3
2020,June,"Electricalsbea Stores",176.3
2020,June,Relief,-557.7
2020,June,Novus,-610.1
2020,June,"Electricalslance Stores",-684.8
2020,June,"Electricalsquipo Stores",-1170.8
2020,June,Path,-6712.2
2020,June,Modular,-12650.7
2020,June,"Unity Stores",-22619.9
2020,June,Electricalslytical,-24206.8
2020,June,Electricalsocity,-25711
2020,June,"Integration Stores",-32193.3
2020,June,"Premium Stores",-44882.7
2020,June,"Excel Stores",-57568.3
2020,March,"Logic Stores",61941.3
2020,March,Modular,61664.8
2020,March,"Excel Stores",54305.6
2020,March,"Electricalsara Stores",41865
2020,March,"Forward Stores",39710.5
2020,March,Electricalslytical,32816.4
2020,March,"Integration Stores",30569.9
2020,March,"Surface Stores",25806.2
2020,March,"Info Stores",22226.9
2020,March,"Nomad Stores",21432.8
2020,March,Elite,19315.1
2020,March,"Atlas Stores",17630.1
2020,March,"Electricalsopedia Stores",14227.8
2020,March,"Acclaimed Stores",13672.3
2020,March,All-Out,11832
2020,March,Insight,10648.9
2020,March,Synthetic,10343.8
2020,March,"Premium Stores",9703.7
2020,March,"Electricalsbea Stores",6412.3
2020,March,"Flawless Stores",4284
2020,March,Relief,2401.3
2020,March,"Unity Stores",1494.8
2020,March,Novus,832
2020,March,Propel,261
2020,March,"Electricalslance Stores",191.7
2020,March,Power,-220.4
2020,March,Sound,-317.8
2020,March,Sage,-757.1
2020,March,"Surge Stores",-1502.8
2020,March,"Electricalsquipo Stores",-3614.1
2020,March,Zone,-5114.4
2020,March,Control,-5208.2
2020,March,Nixon,-5465.2
2020,March,Expression,-5962.4
2020,March,Path,-15369.4
2020,March,"Epic Stores",-39123.6
2020,March,Electricalsocity,-60772.9
2020,May,Power,64780.1
2020,May,"Excel Stores",59802.2
2020,May,"Info Stores",58563.5
2020,May,Modular,50015.6
2020,May,"Surge Stores",37481.7
2020,May,"Forward Stores",28239.2
2020,May,"Acclaimed Stores",26790.9
2020,May,Nixon,24837.4
2020,May,"Electricalsara Stores",23592.3
2020,May,"Nomad Stores",20586.4
2020,May,"Electricalsopedia Stores",18670.2
2020,May,"Unity Stores",15660.4
2020,May,"Epic Stores",12567.7
2020,May,Zone,12067.6
2020,May,Control,11690.8
2020,May,All-Out,7777.8
2020,May,Propel,5990.6
2020,May,"Surface Stores",3965.2
2020,May,Elite,3470.2
2020,May,Sound,2236.1
2020,May,Expression,1982.8
2020,May,Novus,1283.7
2020,May,Electricalsocity,745.2
2020,May,"Electricalslance Stores",394.7
2020,May,"Electricalsbea Stores",-9.6
2020,May,Sage,-419.6
2020,May,"Premium Stores",-1805
2020,May,"Atlas Stores",-2375
2020,May,Insight,-2387.5
2020,May,Path,-2797.2
2020,May,Relief,-7117.3
2020,May,"Flawless Stores",-8602.4
2020,May,Electricalslytical,-13230.5
2020,May,"Integration Stores",-16314.4
2020,May,Synthetic,-22817.8
2020,May,Leader,-33351.1
2020,May,"Logic Stores",-89243.5
